,Unnamed: 0,STATION,LATITUDE,LONGITUDE,geometry,index_right,STATEFP,COUNTYFP,TRACTCE,BLKGRPCE,GEOID,NAMELSAD,MTFCC,FUNCSTAT,ALAND,AWATER,INTPTLAT,INTPTLON,STCT_FIPS
0,0,COOP:040014,34.5,-118.26667,POINT (-118.26667 34.5),14878,06,037,910814,1,060379108141,Block Group 1,G5030,S,35197456,13461,+34.4983871,-118.3010250,06037
1,18,COOP:040161,41.5,-120.55,POINT (-120.55 41.5),18327,06,049,000100,1,060490001001,Block Group 1,G5030,S,17614011,69583,+41.5068637,-120.5480690,06049
2,59,COOP:040212,38.56667,-122.43333,POINT (-122.43333 38.56667),13448,06,055,201700,2,060552017002,Block Group 2,G5030,S,4947802,60586,+38.5771181,-122.4328772,06055
3,116,COOP:040322,36.23333,-121.48333,POINT (-121.48333 36.23333),4991,06,053,011303,3,060530113033,Block Group 3,G5030,S,537452201,1370680,+36.1843316,-121.3437829,06053
4,140,COOP:040368,38.43333,-122.25,POINT (-122.25 38.43333),402,06,055,201403,1,060552014031,Block Group 1,G5030,S,236159048,2176506,+38.4219801,-122.1823391,06055
5,160,COOP:040422,36.63333,-119.01667,POINT (-119.01667 36.63333),22562,06,107,000102,2,061070001022,Block Group 2,G5030,S,450665508,180762,+36.5534424,-119.0814786,06107
6,168,COOP:040442,35.41667,-119.05,POINT (-119.05 35.41667),3880,06,029,000202,3,060290002023,Block Group 3,G5030,S,802860,0,+35.4156660,-119.0484710,06029
7,202,COOP:040449,36.91667,-119.08333,POINT (-119.08333 36.91667),3747,06,019,006408,1,060190064081,Block Group 1,G5030,S,3321551634,51845624,+37.2236095,-119.0009358,06019
62,2499,COOP:043093,37.26667,-118.96667,POINT (-118.96667 37.26667),3747,06,019,006408,1,060190064081,Block Group 1,G5030,S,3321551634,51845624,+37.2236095,-119.0009358,06019
8,240,COOP:040546,40.4,-122.15,POINT (-122.15 40.4),11766,06,089,012603,4,060890126034,Block Group 4,G5030,S,186351874,1427722,+40.4567487,-122.0786081,06089
9,292,COOP:040606,33.93333,-116.98333,POINT (-116.98333 33.93333),18384,06,065,043900,2,060650439002,Block Group 2,G5030,S,603508,0,+33.9347247,-116.9779853,06065
10,329,COOP:040731,41.11667,-121.13333,POINT (-121.13333 41.11667),22686,06,035,040100,1,060350401001,Block Group 1,G5030,S,449443660,5039595,+41.0685043,-121.1223219,06035
11,351,COOP:040742,34.25,-116.98333,POINT (-116.98333 34.25),1149,06,071,011300,1,060710113001,Block Group 1,G5030,S,159570511,11053561,+34.3028175,-116.9906519,06071
12,405,COOP:040779,34.38333,-117.68333,POINT (-117.68333 34.38333),14970,06,037,930400,3,060379304003,Block Group 3,G5030,S,1028743294,4125703,+34.2803329,-117.8661408,06037
116,4871,COOP:045637,34.38333,-118.08333,POINT (-118.08333 34.38333),14970,06,037,930400,3,060379304003,Block Group 3,G5030,S,1028743294,4125703,+34.2803329,-117.8661408,06037
168,7291,COOP:047779,34.2,-117.86667,POINT (-117.86667 34.2),14970,06,037,930400,3,060379304003,Block Group 3,G5030,S,1028743294,4125703,+34.2803329,-117.8661408,06037
13,438,COOP:040822,37.36667,-118.36667,POINT (-118.36667 37.36667),16470,06,027,000100,1,060270001001,Block Group 1,G5030,S,775257740,1469886,+37.3568746,-118.1969719,06027
243,937,COOP:040823,37.36833,-118.36472,POINT (-118.36472 37.36833),16470,06,027,000100,1,060270001001,Block Group 1,G5030,S,775257740,1469886,+37.3568746,-118.1969719,06027
14,443,COOP:040883,38.91667,-120.66667,POINT (-120.66667 38.91667),23823,06,017,030604,1,060170306041,Block Group 1,G5030,S,176970600,185101,+38.9508575,-120.7300282,06017
69,2920,COOP:043384,38.93333,-120.8,POINT (-120.8 38.93333),23823,06,017,030604,1,060170306041,Block Group 1,G5030,S,176970600,185101,+38.9508575,-120.7300282,06017
15,489,COOP:040897,39.28333,-120.7,POINT (-120.7 39.28333),17468,06,061,022013,1,060610220131,Block Group 1,G5030,S,232719842,1706760,+39.2517939,-120.6665614,06061
16,523,COOP:040925,33.61667,-114.71667,POINT (-114.71667 33.61667),16756,06,065,046900,1,060650469001,Block Group 1,G5030,S,211299348,0,+33.7033853,-114.7135661,06065
233,695,COOP:040927,33.61667,-114.71667,POINT (-114.71667 33.61667),16756,06,065,046900,1,060650469001,Block Group 1,G5030,S,211299348,0,+33.7033853,-114.7135661,06065
17,543,COOP:040979,35.0,-117.65,POINT (-117.65 35),10130,06,029,005600,2,060290056002,Block Group 2,G5030,S,15701182,559,+34.9947033,-117.6752445,06029
18,569,COOP:041005,37.15,-122.2,POINT (-122.2 37.15),18051,06,087,120200,2,060871202002,Block Group 2,G5030,S,198917517,6328371,+37.1143346,-122.2371618,06087
19,625,COOP:041018,39.45,-120.65,POINT (-120.65 39.45),2885,06,057,000900,4,060570009004,Block Group 4,G5030,S,1004308455,27630008,+39.4026759,-120.4865729,06057
193,8300,COOP:048332,39.31667,-120.36667,POINT (-120.36667 39.31667),2885,06,057,000900,4,060570009004,Block Group 4,G5030,S,1004308455,27630008,+39.4026759,-120.4865729,06057
20,639,COOP:041057,33.88333,-117.93333,POINT (-117.93333 33.88333),11868,06,059,001706,2,060590017062,Block Group 2,G5030,S,660938,0,+33.8853400,-117.9353314,06059
21,680,COOP:041076,38.25,-119.23333,POINT (-119.23333 38.25),21341,06,051,000102,3,060510001023,Block Group 3,G5030,S,1650559945,16976884,+38.2649363,-119.3200590,06051
22,707,COOP:041084,40.48333,-123.88333,POINT (-123.88333 40.48333),1099,06,023,010902,1,060230109021,Block Group 1,G5030,S,724881347,670590,+40.4760833,-123.7334396,06023
235,3516,COOP:043647,40.48333,-123.91667,POINT (-123.91667 40.48333),1099,06,023,010902,1,060230109021,Block Group 1,G5030,S,724881347,670590,+40.4760833,-123.7334396,06023
23,785,COOP:041130,39.68333,-121.33333,POINT (-121.33333 39.68333),7940,06,007,002402,1,060070024021,Block Group 1,G5030,S,379966782,4097355,+39.6210376,-121.2481602,06007
24,835,COOP:041142,35.8,-121.1,POINT (-121.1 35.8),10584,06,053,011400,2,060530114002,Block Group 2,G5030,S,1387967834,33031841,+35.9253897,-121.2190593,06053
106,4499,COOP:045184,35.88333,-121.45,POINT (-121.45 35.88333),10584,06,053,011400,2,060530114002,Block Group 2,G5030,S,1387967834,33031841,+35.9253897,-121.2190593,06053
25,881,COOP:041194,34.18333,-118.35,POINT (-118.35 34.18333),15139,06,037,311100,2,060373111002,Block Group 2,G5030,S,381423,0,+34.1830005,-118.3542908,06037
26,900,COOP:041253,34.58333,-119.98333,POINT (-119.98333 34.58333),2916,06,083,001907,1,060830019071,Block Group 1,G5030,S,235152589,6962077,+34.5499261,-120.0082874,06083
175,7536,COOP:047859,34.51667,-119.81667,POINT (-119.81667 34.51667),2916,06,083,001907,1,060830019071,Block Group 1,G5030,S,235152589,6962077,+34.5499261,-120.0082874,06083
27,937,COOP:041272,34.38333,-117.6,POINT (-117.6 34.38333),24015,06,071,009121,1,060710091211,Block Group 1,G5030,S,9837065,7094,+34.3997895,-117.5991323,06071
28,973,COOP:041277,38.28333,-120.31667,POINT (-120.31667 38.28333),21605,06,009,000504,1,060090005041,Block Group 1,G5030,S,28118914,89468,+38.2858121,-120.2987076,06009
29,1010,COOP:041369,34.15,-116.98333,POINT (-116.98333 34.15),19889,06,071,011500,1,060710115001,Block Group 1,G5030,S,168422883,511332,+34.1178054,-116.9832659,06071
177,7615,COOP:047891,34.1,-117.1,POINT (-117.1 34.1),19889,06,071,011500,1,060710115001,Block Group 1,G5030,S,168422883,511332,+34.1178054,-116.9832659,06071
30,1064,COOP:041428,38.24861,-120.84333,POINT (-120.84333 38.24861),2256,06,009,000221,3,060090002213,Block Group 3,G5030,S,82226313,8764492,+38.2302567,-120.7849372,06009
31,1116,COOP:041462,39.45,-121.05,POINT (-121.05 39.45),1685,06,115,041101,1,061150411011,Block Group 1,G5030,S,298240466,16529900,+39.4828724,-121.1090654,06115
234,1265,COOP:041460,39.43333,-121.06667,POINT (-121.06667 39.43333),1685,06,115,041101,1,061150411011,Block Group 1,G5030,S,298240466,16529900,+39.4828724,-121.1090654,06115
32,1170,COOP:041497,40.16667,-121.08333,POINT (-121.08333 40.16667),19487,06,063,000502,2,060630005022,Block Group 2,G5030,S,511381456,106986049,+40.1763210,-121.2226095,06063
33,1189,COOP:041507,38.73333,-122.13333,POINT (-122.13333 38.73333),6191,06,113,011500,2,061130115002,Block Group 2,G5030,S,410285423,1734907,+38.8306164,-122.1260372,06113
34,1227,COOP:041518,33.91667,-117.78333,POINT (-117.78333 33.91667),25466,06,059,021832,1,060590218321,Block Group 1,G5030,S,15011538,25233,+33.9292416,-117.7784544,06059
35,1265,COOP:041520,33.95,-117.78333,POINT (-117.78333 33.95),5699,06,071,000111,1,060710001111,Block Group 1,G5030,S,4067908,0,+33.9485583,-117.7751085,06071
36,1305,COOP:041540,34.4,-119.48333,POINT (-119.48333 34.4),23227,06,083,001706,1,060830017061,Block Group 1,G5030,S,111925062,178550,+34.4401328,-119.5033056,06083
37,1339,COOP:041682,34.23333,-118.61667,POINT (-118.61667 34.23333),23328,06,037,980023,1,060379800231,Block Group 1,G5030,S,2864231,2355864,+34.2367861,-118.6324389,06037
38,1377,COOP:041715,39.68333,-121.81667,POINT (-121.81667 39.68333),5186,06,007,001500,1,060070015001,Block Group 1,G5030,S,31122896,0,+39.6731877,-121.8220050,06007
39,1400,COOP:041754,34.8,-119.01667,POINT (-119.01667 34.8),4580,06,111,009700,3,061110097003,Block Group 3,G5030,S,2375350811,8245954,+34.6431484,-119.1344396,06111
112,4726,COOP:045417,34.48333,-119.3,POINT (-119.3 34.48333),4580,06,111,009700,3,061110097003,Block Group 3,G5030,S,2375350811,8245954,+34.6431484,-119.1344396,06111
137,5827,COOP:046577,34.68333,-119.35,POINT (-119.35 34.68333),4580,06,111,009700,3,061110097003,Block Group 3,G5030,S,2375350811,8245954,+34.6431484,-119.1344396,06111
145,6144,COOP:046910,34.6,-119.35,POINT (-119.35 34.6),4580,06,111,009700,3,061110097003,Block Group 3,G5030,S,2375350811,8245954,+34.6431484,-119.1344396,06111
231,2365,COOP:043219,34.73333,-119.1,POINT (-119.1 34.73333),4580,06,111,009700,3,061110097003,Block Group 3,G5030,S,2375350811,8245954,+34.6431484,-119.1344396,06111
40,1449,COOP:041839,38.78333,-123.01667,POINT (-123.01667 38.78333),1592,06,097,154202,4,060971542024,Block Group 4,G5030,S,22675434,3094315,+38.7803586,-123.0512186,06097
41,1496,COOP:041864,36.13333,-120.36667,POINT (-120.36667 36.13333),9570,06,019,008000,3,060190080003,Block Group 3,G5030,S,899885,0,+36.1331735,-120.3729040,06019
42,1522,COOP:041886,41.08333,-122.71667,POINT (-122.71667 41.08333),18961,06,105,000102,1,061050001021,Block Group 1,G5030,S,1114946751,1461374,+41.0094190,-122.8214045,06105
43,1590,COOP:042012,36.1,-119.56667,POINT (-119.56667 36.1),12013,06,031,001500,3,060310015003,Block Group 3,G5030,S,507265,0,+36.1016356,-119.5685927,06031
44,1610,COOP:042048,36.98333,-121.8,POINT (-121.8 36.98333),21764,06,087,122401,1,060871224011,Block Group 1,G5030,S,69996988,52281,+37.0200311,-121.7821324,06087
45,1657,COOP:042084,39.83333,-123.08333,POINT (-123.08333 39.83333),13369,06,045,010100,1,060450101001,Block Group 1,G5030,S,1956878778,2625493,+39.7629881,-123.1572763,06045
46,1722,COOP:042164,34.23333,-117.3,POINT (-117.3 34.23333),24004,06,071,010805,1,060710108051,Block Group 1,G5030,S,197318757,3666001,+34.2714653,-117.3552427,06071
47,1774,COOP:042239,32.98333,-116.58333,POINT (-116.58333 32.98333),6881,06,073,020902,1,060730209021,Block Group 1,G5030,S,400719117,7987272,+32.9501590,-116.6293750,06073
48,1825,COOP:042255,34.86667,-116.85,POINT (-116.85 34.86667),8707,06,071,010300,4,060710103004,Block Group 4,G5030,S,113869610,643726,+34.9025327,-116.7324844,06071
246,1939,COOP:042257,34.85361,-116.78583,POINT (-116.78583 34.85361),8707,06,071,010300,4,060710103004,Block Group 4,G5030,S,113869610,643726,+34.9025327,-116.7324844,06071
49,1836,COOP:042294,38.53333,-121.78333,POINT (-121.78333 38.53333),9421,06,113,010501,1,061130105011,Block Group 1,G5030,S,9707197,0,+38.5366941,-121.7958539,06113
50,1887,COOP:042306,41.21667,-121.38333,POINT (-121.38333 41.21667),18361,06,049,000200,2,060490002002,Block Group 2,G5030,S,1322680127,25460729,+41.3117069,-121.1804989,06049
51,1926,COOP:042362,36.6,-121.86667,POINT (-121.86667 36.6),443,06,053,013300,2,060530133002,Block Group 2,G5030,S,1155996,403212,+36.6071019,-121.8627902,06053
52,1956,COOP:042500,39.56667,-120.83333,POINT (-120.83333 39.56667),17654,06,091,010000,4,060910100004,Block Group 4,G5030,S,793690961,4403561,+39.6614460,-120.7952838,06091
53,2019,COOP:042713,32.76667,-115.56667,POINT (-115.56667 32.76667),2788,06,025,011803,2,060250118032,Block Group 2,G5030,S,2854606,23943,+32.7593854,-115.5579906,06025
54,2043,COOP:042749,41.98333,-123.71667,POINT (-123.71667 41.98333),7353,06,015,000202,3,060150002023,Block Group 3,G5030,S,877787024,1279647,+41.9212691,-123.8176567,06015
68,2817,COOP:043357,41.85,-123.96667,POINT (-123.96667 41.85),7353,06,015,000202,3,060150002023,Block Group 3,G5030,S,877787024,1279647,+41.9212691,-123.8176567,06015
55,2116,COOP:042805,33.66667,-117.33333,POINT (-117.33333 33.66667),5999,06,065,043006,1,060650430061,Block Group 1,G5030,S,1065139,0,+33.6708192,-117.3347045,06065
56,2152,COOP:042895,34.13333,-117.51667,POINT (-117.51667 34.13333),24478,06,071,002046,1,060710020461,Block Group 1,G5030,S,1655854,0,+34.1258251,-117.5193328,06071
57,2191,COOP:042899,41.45,-122.9,POINT (-122.9 41.45),7813,06,093,000800,4,060930008004,Block Group 4,G5030,S,630224339,2677517,+41.5507626,-123.1450715,06093
58,2262,COOP:042910,40.8,-124.16667,POINT (-124.16667 40.8),21268,06,023,000100,2,060230001002,Block Group 2,G5030,S,323390,0,+40.7971917,-124.1656006,06023
59,2371,COOP:042935,38.28333,-122.03333,POINT (-122.03333 38.28333),14244,06,095,252313,2,060952523132,Block Group 2,G5030,S,962395,6225,+38.2871358,-122.0271103,06095
60,2409,COOP:043038,38.52361,-120.70611,POINT (-120.70611 38.52361),24512,06,005,000202,2,060050002022,Block Group 2,G5030,S,68040430,0,+38.4971996,-120.6480024,06005
61,2466,COOP:043048,34.73333,-120.0,POINT (-120 34.73333),6153,06,083,001905,1,060830019051,Block Group 1,G5030,S,306607399,169430,+34.7043400,-120.0260903,06083
63,2548,COOP:043161,39.51667,-123.76667,POINT (-123.76667 39.51667),21740,06,045,010300,5,060450103005,Block Group 5,G5030,S,421465234,1471246,+39.4439782,-123.6083366,06045
64,2628,COOP:043182,41.6,-122.85,POINT (-122.85 41.6),18454,06,093,000600,1,060930006001,Block Group 1,G5030,S,1559876,0,+41.6084521,-122.8410656,06093
65,2690,COOP:043194,40.21667,-123.63333,POINT (-123.63333 40.21667),14688,06,023,011600,6,060230116006,Block Group 6,G5030,S,496577110,2192952,+40.2895263,-123.7088430,06023
66,2738,COOP:043257,36.78333,-119.71667,POINT (-119.71667 36.78333),5671,06,019,003104,2,060190031042,Block Group 2,G5030,S,9272971,40460,+36.7768768,-119.7185951,06019
67,2775,COOP:043285,33.9,-117.88333,POINT (-117.88333 33.9),11742,06,059,001505,1,060590015051,Block Group 1,G5030,S,1133688,11946,+33.8997719,-117.8858051,06059
70,2938,COOP:043402,34.51667,-119.68333,POINT (-119.68333 34.51667),9981,06,083,001800,1,060830018001,Block Group 1,G5030,S,3000323746,20559468,+34.7998268,-119.7847135,06083
129,5476,COOP:046154,34.95,-119.68333,POINT (-119.68333 34.95),9981,06,083,001800,1,060830018001,Block Group 1,G5030,S,3000323746,20559468,+34.7998268,-119.7847135,06083
71,2979,COOP:043419,37.03333,-121.43333,POINT (-121.43333 37.03333),20632,06,085,513500,1,060855135001,Block Group 1,G5030,S,1528907501,9778597,+37.2480990,-121.5279664,06085
72,3030,COOP:043465,35.73333,-118.68333,POINT (-118.68333 35.73333),4160,06,029,005208,3,060290052083,Block Group 3,G5030,S,1369607719,468157,+35.6581612,-118.8185423,06029
73,3044,COOP:043573,39.2,-121.06667,POINT (-121.06667 39.2),13665,06,057,000502,3,060570005023,Block Group 3,G5030,S,4913777,0,+39.2005466,-121.0709609,06057
74,3104,COOP:043669,37.85,-120.23333,POINT (-120.23333 37.85),11823,06,109,004201,4,061090042014,Block Group 4,G5030,S,341414363,2844129,+37.8642401,-120.0045656,06109
75,3136,COOP:043751,34.26667,-118.4,POINT (-118.4 34.26667),6642,06,037,980021,1,060379800211,Block Group 1,G5030,S,6879973,65862,+34.2700470,-118.3813338,06037
76,3181,COOP:043761,41.79612,-123.37469,POINT (-123.37469 41.79612),7804,06,093,001300,2,060930013002,Block Group 2,G5030,S,7394009,194139,+41.7955833,-123.3902955,06093
77,3261,COOP:043791,40.36667,-122.96667,POINT (-122.96667 40.36667),6918,06,089,012400,2,060890124002,Block Group 2,G5030,S,642019777,278752,+40.4100824,-122.7616742,06089
78,3332,COOP:043855,33.7,-115.63333,POINT (-115.63333 33.7),2759,06,065,046900,3,060650469003,Block Group 3,G5030,S,9637962035,266083,+33.7785595,-115.3687419,06065
79,3352,COOP:043891,39.06667,-120.41667,POINT (-120.41667 39.06667),967,06,061,020200,3,060610202003,Block Group 3,G5030,S,1339839581,10789033,+39.0925080,-120.5591637,06061
80,3402,COOP:043928,36.3,-120.7,POINT (-120.7 36.3),12110,06,069,000802,1,060690008021,Block Group 1,G5030,S,2694636405,2895388,+36.5363537,-120.9696867,06069
162,6999,COOP:047719,36.51667,-121.08333,POINT (-121.08333 36.51667),12110,06,069,000802,1,060690008021,Block Group 1,G5030,S,2694636405,2895388,+36.5363537,-120.9696867,06069
81,3446,COOP:043939,37.95,-119.78333,POINT (-119.78333 37.95),11814,06,109,004201,3,061090042013,Block Group 3,G5030,S,1695029266,31713866,+37.9552911,-119.5581201,06109
82,3500,COOP:044025,36.85,-121.41667,POINT (-121.41667 36.85),12108,06,069,000701,2,060690007012,Block Group 2,G5030,S,577884,0,+36.8510258,-121.4198986,06069
83,3528,COOP:044035,36.91667,-121.25,POINT (-121.25 36.91667),14484,06,069,000100,1,060690001001,Block Group 1,G5030,S,178826485,107607,+36.8763013,-121.2640587,06069
84,3578,COOP:044089,41.05,-123.68333,POINT (-123.68333 41.05),21414,06,023,940000,1,060239400001,Block Group 1,G5030,S,163416805,1804765,+41.0917488,-123.7351326,06023
85,3650,COOP:044144,35.08333,-120.38333,POINT (-120.38333 35.08333),20091,06,079,012302,3,060790123023,Block Group 3,G5030,S,770392886,3828104,+35.1075114,-120.2860164,06079
86,3662,COOP:044176,37.23333,-119.21667,POINT (-119.21667 37.23333),3980,06,019,006409,1,060190064091,Block Group 1,G5030,S,402763151,7007752,+37.2902601,-119.2168805,06019
87,3719,COOP:044181,33.68333,-116.68333,POINT (-116.68333 33.68333),15982,06,065,044405,2,060650444052,Block Group 2,G5030,S,104477479,0,+33.7155284,-116.6602327,06065
88,3766,COOP:044191,40.61667,-123.45,POINT (-123.45 40.61667),1276,06,105,000500,2,061050005002,Block Group 2,G5030,S,872805929,68444,+40.5981644,-123.3068247,06105
89,3844,COOP:044211,33.75,-116.71667,POINT (-116.71667 33.75),24602,06,065,044404,2,060650444042,Block Group 2,G5030,S,102086747,0,+33.7820781,-116.8005779,06065
90,3895,COOP:044232,36.8,-118.2,POINT (-118.2 36.8),8256,06,027,000500,1,060270005001,Block Group 1,G5030,S,6768317783,22262746,+36.9446572,-117.9010501,06027
91,3912,COOP:044297,34.13333,-115.13333,POINT (-115.13333 34.13333),24042,06,071,010425,2,060710104252,Block Group 2,G5030,S,3027029485,53327,+34.1762433,-115.2503800,06071
92,3934,COOP:044555,36.2,-121.13333,POINT (-121.13333 36.2),440,06,053,011303,2,060530113032,Block Group 2,G5030,S,72976159,4659128,+36.1462125,-121.0892219,06053
93,3965,COOP:044577,41.51667,-124.03333,POINT (-124.03333 41.51667),7363,06,015,000203,1,060150002031,Block Group 1,G5030,S,368732963,35058418,+41.5767503,-124.0277960,06015
94,4061,COOP:044587,40.63333,-123.9,POINT (-123.9 40.63333),21412,06,023,010902,2,060230109022,Block Group 2,G5030,S,229046157,330306,+40.5678390,-123.9579305,06023
95,4123,COOP:044650,33.55,-117.8,POINT (-117.8 33.55),25492,06,059,062656,3,060590626563,Block Group 3,G5030,S,463878,0,+33.5473953,-117.7986650,06059
96,4133,COOP:044689,39.2,-123.18333,POINT (-123.18333 39.2),13347,06,045,011700,2,060450117002,Block Group 2,G5030,S,13632139,1011381,+39.1840100,-123.1735546,06045
97,4199,COOP:044762,35.36667,-120.21667,POINT (-120.21667 35.36667),14456,06,079,012708,1,060790127081,Block Group 1,G5030,S,2617409659,5755217,+35.2185632,-119.9607245,06079
98,4235,COOP:044867,34.08333,-118.88333,POINT (-118.88333 34.08333),17149,06,037,800406,1,060378004061,Block Group 1,G5030,S,78977337,69937,+34.0669390,-118.8549604,06037
99,4278,COOP:045026,36.6,-118.73333,POINT (-118.73333 36.6),22641,06,107,000102,1,061070001021,Block Group 1,G5030,S,1841406070,13084459,+36.5486092,-118.7348450,06107
117,4912,COOP:045669,36.28333,-118.76667,POINT (-118.76667 36.28333),22641,06,107,000102,1,061070001021,Block Group 1,G5030,S,1841406070,13084459,+36.5486092,-118.7348450,06107
100,4328,COOP:045067,36.45,-118.05,POINT (-118.05 36.45),16474,06,027,000800,2,060270008002,Block Group 2,G5030,S,4986472474,28044271,+36.1082164,-117.6959790,06027
101,4346,COOP:045085,33.81667,-118.15,POINT (-118.15 33.81667),7009,06,037,980018,1,060379800181,Block Group 1,G5030,S,7389850,21307,+33.8185805,-118.1516654,06037
102,4388,COOP:045100,35.38333,-118.41667,POINT (-118.41667 35.38333),19817,06,029,006004,1,060290060041,Block Group 1,G5030,S,1146817710,235173,+35.2876947,-118.3770243,06029
103,4389,COOP:045114,33.93333,-118.4,POINT (-118.4 33.93333),23317,06,037,980028,1,060379800281,Block Group 1,G5030,S,17299720,2387924,+33.9423871,-118.4160617,06037
104,4431,COOP:045115,34.05,-118.23333,POINT (-118.23333 34.05),21904,06,037,206052,1,060372060521,Block Group 1,G5030,S,907764,16638,+34.0477555,-118.2332714,06037
105,4474,COOP:045151,35.61667,-119.68333,POINT (-119.68333 35.61667),9451,06,029,004500,2,060290045002,Block Group 2,G5030,S,2322765419,8194233,+35.6497752,-119.7746623,06029
107,4526,COOP:045212,34.1,-117.33333,POINT (-117.33333 34.1),23757,06,071,004404,1,060710044041,Block Group 1,G5030,S,772099,0,+34.1027244,-117.3384567,06071
108,4558,COOP:045218,34.23333,-117.46667,POINT (-117.46667 34.23333),22068,06,071,009202,1,060710092021,Block Group 1,G5030,S,350388980,444588,+34.2148231,-117.6125200,06071
109,4580,COOP:045258,38.85,-122.78333,POINT (-122.78333 38.85),14801,06,033,001101,2,060330011012,Block Group 2,G5030,S,103542601,303062,+38.8904444,-122.8016963,06033
110,4636,COOP:045356,38.7,-119.78333,POINT (-119.78333 38.7),20999,06,003,010000,1,060030100001,Block Group 1,G5030,S,1912292607,12557304,+38.6217831,-119.7983522,06003
111,4679,COOP:045371,37.96667,-122.13333,POINT (-122.13333 37.96667),16664,06,013,356002,1,060133560021,Block Group 1,G5030,S,103245672,5849870,+37.9540677,-122.1903602,06013
113,4765,COOP:045535,37.3,-120.48333,POINT (-120.48333 37.3),23037,06,047,001302,3,060470013023,Block Group 3,G5030,S,734423,0,+37.2998914,-120.4805951,06047
114,4794,COOP:045623,40.13333,-120.35,POINT (-120.35 40.13333),22690,06,035,040600,1,060350406001,Block Group 1,G5030,S,685756400,228134099,+40.2258113,-120.2967481,06035
115,4826,COOP:045632,34.08333,-116.93333,POINT (-116.93333 34.08333),23057,06,071,011500,2,060710115002,Block Group 2,G5030,S,504515751,136810,+34.1416710,-116.8179812,06071
118,4950,COOP:045679,40.35,-121.6,POINT (-121.6 40.35),16443,06,103,000100,1,061030001001,Block Group 1,G5030,S,1345842605,3875816,+40.3296823,-121.8268736,06103
119,5001,COOP:045711,40.18333,-123.78333,POINT (-123.78333 40.18333),14706,06,023,011501,2,060230115012,Block Group 2,G5030,S,154075279,10572,+40.1801531,-123.8684662,06023
120,5079,COOP:045741,37.6425,-121.00889,POINT (-121.00889 37.6425),11299,06,099,001700,1,060990017001,Block Group 1,G5030,S,727961,0,+37.6375346,-121.0093025,06099
121,5121,COOP:045756,35.05,-118.16667,POINT (-118.16667 35.05),9379,06,029,005900,2,060290059002,Block Group 2,G5030,S,19557783,0,+35.0640012,-118.1534381,06029
122,5150,COOP:045785,41.75,-122.46667,POINT (-122.46667 41.75),18449,06,093,000300,1,060930003001,Block Group 1,G5030,S,656781240,6828204,+41.8661974,-122.3345988,06093
123,5197,COOP:045840,32.68333,-116.51667,POINT (-116.51667 32.68333),3398,06,073,021101,2,060730211012,Block Group 2,G5030,S,99245467,1831684,+32.6825528,-116.4933658,06073
124,5236,COOP:045853,37.13333,-121.65,POINT (-121.65 37.13333),22350,06,085,512312,1,060855123121,Block Group 1,G5030,S,1394562,0,+37.1330765,-121.6430656,06085
125,5267,COOP:045983,41.31667,-122.31667,POINT (-122.31667 41.31667),4983,06,093,001003,1,060930010031,Block Group 1,G5030,S,1749220,1187,+41.3057896,-122.3152456,06093
126,5327,COOP:045996,37.9,-122.6,POINT (-122.6 37.9),18280,06,041,131100,1,060411311001,Block Group 1,G5030,S,127658592,8932931,+37.9207111,-122.5974613,06041
127,5382,COOP:046105,39.16667,-123.56667,POINT (-123.56667 39.16667),13377,06,045,011200,1,060450112001,Block Group 1,G5030,S,420731011,0,+39.1697739,-123.5376271,06045
128,5451,COOP:046115,34.83333,-114.6,POINT (-114.6 34.83333),19622,06,071,010700,1,060710107001,Block Group 1,G5030,S,2670836,0,+34.8287137,-114.5969545,06071
130,5506,COOP:046162,34.38333,-118.53333,POINT (-118.53333 34.38333),15392,06,037,920341,2,060379203412,Block Group 2,G5030,S,439615,0,+34.3809327,-118.5304551,06037
131,5541,COOP:046232,39.36667,-120.9,POINT (-120.9 39.36667),17514,06,057,000900,1,060570009001,Block Group 1,G5030,S,181165715,38018,+39.3842140,-120.9525341,06057
132,5599,COOP:046290,38.13333,-122.71667,POINT (-122.71667 38.13333),18552,06,041,133000,1,060411330001,Block Group 1,G5030,S,314414172,13298666,+38.1836090,-122.8025005,06041
133,5655,COOP:046319,33.38333,-116.78333,POINT (-116.78333 33.38333),23005,06,073,020903,1,060730209031,Block Group 1,G5030,S,367026313,13796859,+33.3304770,-116.7941962,06073
139,5903,COOP:046657,33.35,-116.86667,POINT (-116.86667 33.35),23005,06,073,020903,1,060730209031,Block Group 1,G5030,S,367026313,13796859,+33.3304770,-116.7941962,06073
134,5698,COOP:046379,33.21667,-117.35,POINT (-117.35 33.21667),3587,06,073,018616,1,060730186161,Block Group 1,G5030,S,3001298,392608,+33.2174017,-117.3521847,06073
135,5731,COOP:046473,33.93333,-117.88333,POINT (-117.88333 33.93333),11752,06,059,001506,2,060590015062,Block Group 2,G5030,S,2041003,22476,+33.9369613,-117.8822173,06059
136,5768,COOP:046521,39.51667,-121.55,POINT (-121.55 39.51667),18695,06,007,002800,4,060070028004,Block Group 4,G5030,S,697922,0,+39.5129424,-121.5627352,06007
138,5869,COOP:046624,34.58333,-118.1,POINT (-118.1 34.58333),17462,06,037,910502,1,060379105021,Block Group 1,G5030,S,1371701,0,+34.5818005,-118.1018778,06037
140,5945,COOP:046699,34.28333,-114.16667,POINT (-114.16667 34.28333),5800,06,071,025100,2,060710251002,Block Group 2,G5030,S,1866608078,42589543,+34.3993055,-114.4700616,06071
141,5975,COOP:046726,39.88333,-122.53333,POINT (-122.53333 39.88333),4275,06,103,000300,3,061030003003,Block Group 3,G5030,S,1187540575,9004997,+39.8846521,-122.5865126,06103
142,6014,COOP:046730,35.63333,-120.68333,POINT (-120.68333 35.63333),14445,06,079,010206,2,060790102062,Block Group 2,G5030,S,2558529,0,+35.6386551,-120.6729806,06079
143,6046,COOP:046826,38.26667,-122.65,POINT (-122.65 38.26667),23803,06,097,150609,1,060971506091,Block Group 1,G5030,S,633359,0,+38.2645239,-122.6484059,06097
144,6098,COOP:046893,38.18333,-120.0,POINT (-120 38.18333),11820,06,109,003103,2,061090031032,Block Group 2,G5030,S,1433822530,21088293,+38.2247004,-119.7599789,06109
146,6192,COOP:046942,34.4,-118.7,POINT (-118.7 34.4),4624,06,111,009700,1,061110097001,Block Group 1,G5030,S,143441518,4090594,+34.4143645,-118.7688353,06111
147,6224,COOP:046964,38.73333,-120.85,POINT (-120.85 38.73333),18075,06,017,031000,4,060170310004,Block Group 4,G5030,S,4770121,0,+38.7300332,-120.8416920,06017
148,6271,COOP:046998,39.75,-120.7,POINT (-120.7 39.75),19486,06,063,000201,1,060630002011,Block Group 1,G5030,S,209921907,177155,+39.7930847,-120.6700036,06063
149,6334,COOP:047085,39.8,-120.46667,POINT (-120.46667 39.8),13703,06,063,000300,2,060630003002,Block Group 2,G5030,S,38704169,0,+39.7846677,-120.4744595,06063
150,6366,COOP:047109,39.36667,-123.13333,POINT (-123.13333 39.36667),13523,06,045,010802,1,060450108021,Block Group 1,G5030,S,269728069,333802,+39.3716712,-123.0874424,06045
151,6430,COOP:047123,33.88333,-117.63333,POINT (-117.63333 33.88333),5736,06,065,041904,2,060650419042,Block Group 2,G5030,S,2035554,0,+33.8827800,-117.6316314,06065
152,6461,COOP:047293,40.16667,-122.21667,POINT (-122.21667 40.16667),20463,06,103,000100,4,061030001004,Block Group 4,G5030,S,45072669,1224481,+40.1938078,-122.1713650,06103
153,6476,COOP:047304,40.5,-122.3,POINT (-122.3 40.5),2422,06,089,011502,2,060890115022,Block Group 2,G5030,S,14305662,607984,+40.4953811,-122.2825669,06089
154,6535,COOP:047473,33.96667,-117.35,POINT (-117.35 33.96667),10738,06,065,030501,3,060650305013,Block Group 3,G5030,S,1042308,0,+33.9661777,-117.3534021,06065
155,6578,COOP:047489,38.9,-120.38333,POINT (-120.38333 38.9),8359,06,017,030603,4,060170306034,Block Group 4,G5030,S,966960446,25841410,+38.8837577,-120.3535463,06017
156,6652,COOP:047581,40.8,-121.93333,POINT (-121.93333 40.8),2420,06,089,012606,2,060890126062,Block Group 2,G5030,S,705834433,3077182,+40.8561503,-121.8655953,06089
157,6726,COOP:047600,34.2,-117.08333,POINT (-117.08333 34.2),5799,06,071,011102,2,060710111022,Block Group 2,G5030,S,71797128,443071,+34.1748445,-117.0603462,06071
158,6766,COOP:047614,40.36667,-123.43333,POINT (-123.43333 40.36667),1274,06,105,000500,4,061050005004,Block Group 4,G5030,S,2151747756,4477867,+40.0875652,-123.1534981,06105
227,9585,COOP:049953,40.16667,-123.46667,POINT (-123.46667 40.16667),1274,06,105,000500,4,061050005004,Block Group 4,G5030,S,2151747756,4477867,+40.0875652,-123.1534981,06105
242,5676,COOP:045242,40.31083,-123.37333,POINT (-123.37333 40.31083),1274,06,105,000500,4,061050005004,Block Group 4,G5030,S,2151747756,4477867,+40.0875652,-123.1534981,06105
159,6834,COOP:047630,38.51667,-121.5,POINT (-121.5 38.51667),16516,06,067,003400,1,060670034001,Block Group 1,G5030,S,743316,0,+38.5145356,-121.5034502,06067
160,6896,COOP:047633,38.58333,-121.5,POINT (-121.5 38.58333),20122,06,067,005301,1,060670053011,Block Group 1,G5030,S,3618503,279016,+38.5951141,-121.4945868,06067
161,6958,COOP:047646,38.5,-122.53333,POINT (-122.53333 38.5),13253,06,055,201500,1,060552015001,Block Group 1,G5030,S,97678486,139379,+38.4872579,-122.5079592,06055
163,7023,COOP:047740,32.73333,-117.16667,POINT (-117.16667 32.73333),16886,06,073,006000,3,060730060003,Block Group 3,G5030,S,612678,0,+32.7356854,-117.1663872,06073
164,7072,COOP:047762,34.31667,-118.5,POINT (-118.5 34.31667),22667,06,037,106603,1,060371066031,Block Group 1,G5030,S,4340369,0,+34.3188837,-118.5091974,06037
165,7115,COOP:047767,37.76667,-122.5,POINT (-122.5 37.76667),881,06,075,980300,1,060759803001,Block Group 1,G5030,S,4337505,409466,+37.7684025,-122.4920873,06075
166,7164,COOP:047769,37.61667,-122.38333,POINT (-122.38333 37.61667),20101,06,081,984300,1,060819843001,Block Group 1,G5030,S,7955702,3573121,+37.6203823,-122.3769119,06081
167,7226,COOP:047772,37.76667,-122.43333,POINT (-122.43333 37.76667),9321,06,075,016900,3,060750169003,Block Group 3,G5030,S,72410,0,+37.7675891,-122.4323049,06075
169,7304,COOP:047813,33.78333,-116.96667,POINT (-116.96667 33.78333),19030,06,065,043602,1,060650436021,Block Group 1,G5030,S,727721,0,+33.7833052,-116.9669820,06065
170,7346,COOP:047817,37.08333,-119.71667,POINT (-119.71667 37.08333),10636,06,039,000102,3,060390001023,Block Group 3,G5030,S,317855829,8071447,+37.0953312,-119.6519002,06039
171,7382,COOP:047821,37.36667,-121.9,POINT (-121.9 37.36667),20790,06,085,504318,1,060855043181,Block Group 1,G5030,S,3395338,0,+37.3731380,-121.8943081,06085
172,7425,COOP:047837,33.6,-117.51667,POINT (-117.51667 33.6),17774,06,059,032041,1,060590320411,Block Group 1,G5030,S,169856568,13484,+33.6518163,-117.5071044,06059
173,7465,COOP:047846,37.05,-121.06667,POINT (-121.06667 37.05),16857,06,047,002100,1,060470021001,Block Group 1,G5030,S,1142935090,65632696,+36.9552917,-121.0198277,06047
174,7499,COOP:047851,35.3,-120.66667,POINT (-120.66667 35.3),14617,06,079,010903,1,060790109031,Block Group 1,G5030,S,377136,0,+35.2979682,-120.6682951,06079
176,7578,COOP:047867,35.75,-120.68333,POINT (-120.68333 35.75),20093,06,079,010016,2,060790100162,Block Group 2,G5030,S,5548009,89806,+35.7482306,-120.6905302,06079
178,7634,COOP:047902,34.41667,-119.68333,POINT (-119.68333 34.41667),2837,06,083,000805,1,060830008051,Block Group 1,G5030,S,1666711,313302,+34.4168501,-119.6773323,06083
179,7659,COOP:047926,34.11667,-117.96667,POINT (-117.96667 34.11667),15893,06,037,404600,1,060374046001,Block Group 1,G5030,S,22853908,2037701,+34.1118550,-117.9636140,06037
180,7700,COOP:047933,35.36667,-120.63333,POINT (-120.63333 35.36667),14465,06,079,012705,2,060790127052,Block Group 2,G5030,S,151188825,59681,+35.3757009,-120.5361106,06079
181,7742,COOP:047946,34.9,-120.45,POINT (-120.45 34.9),16876,06,083,002011,2,060830020112,Block Group 2,G5030,S,15086871,53502,+34.9053343,-120.4616815,06083
182,7794,COOP:047976,34.61667,-120.06667,POINT (-120.06667 34.61667),2923,06,083,001908,1,060830019081,Block Group 1,G5030,S,5002169,361,+34.6172434,-120.0774841,06083
183,7832,COOP:047987,33.78333,-117.71667,POINT (-117.71667 33.78333),16002,06,059,021924,3,060590219243,Block Group 3,G5030,S,75522223,1874512,+33.8110260,-117.6969462,06059
184,7871,COOP:047993,33.71667,-117.53333,POINT (-117.53333 33.71667),24638,06,065,041915,4,060650419154,Block Group 4,G5030,S,38216224,0,+33.7402643,-117.5045492,06065
185,7899,COOP:048025,41.30102,-123.13298,POINT (-123.13298 41.30102),17714,06,093,000800,2,060930008002,Block Group 2,G5030,S,2085776476,6250197,+41.2677895,-123.1034605,06093
186,7978,COOP:048072,38.41667,-122.81667,POINT (-122.81667 38.41667),17223,06,097,153005,2,060971530052,Block Group 2,G5030,S,8436671,0,+38.4224832,-122.8093616,06097
187,8035,COOP:048092,34.16667,-118.46667,POINT (-118.46667 34.16667),26,06,037,128801,1,060371288011,Block Group 1,G5030,S,167951,0,+34.1677739,-118.4674276,06037
188,8075,COOP:048135,40.71667,-122.41667,POINT (-122.41667 40.71667),6727,06,089,011600,1,060890116001,Block Group 1,G5030,S,11943821,2558849,+40.7001446,-122.3975494,06089
189,8140,COOP:048218,39.58333,-120.36667,POINT (-120.36667 39.58333),13945,06,091,010000,5,060910100005,Block Group 5,G5030,S,625256561,18195513,+39.5314838,-120.3191573,06091
190,8196,COOP:048230,33.8,-118.16667,POINT (-118.16667 33.8),15257,06,037,573403,2,060375734032,Block Group 2,G5030,S,682844,0,+33.7952510,-118.1586330,06037
191,8223,COOP:048243,33.75,-117.65,POINT (-117.65 33.75),11597,06,059,032011,1,060590320111,Block Group 1,G5030,S,74023939,0,+33.7677785,-117.6175975,06059
192,8265,COOP:048261,34.28333,-118.81667,POINT (-118.81667 34.28333),17693,06,111,007700,1,061110077001,Block Group 1,G5030,S,12650053,904693,+34.2785560,-118.8154736,06111
194,8356,COOP:048355,38.35,-119.45,POINT (-119.45 38.35),13028,06,051,000102,2,060510001022,Block Group 2,G5030,S,433205154,67209,+38.4252824,-119.4757433,06051
195,8395,COOP:048436,34.05,-117.81667,POINT (-117.81667 34.05),2652,06,037,402403,2,060374024032,Block Group 2,G5030,S,1776572,0,+34.0490291,-117.8153871,06037
196,8411,COOP:048460,36.15,-118.81667,POINT (-118.81667 36.15),22549,06,107,002702,1,061070027021,Block Group 1,G5030,S,314432795,92110,+36.2046695,-118.9369481,06107
197,8444,COOP:048463,36.2,-118.65,POINT (-118.65 36.2),22560,06,107,002701,1,061070027011,Block Group 1,G5030,S,716547322,97803,+36.1582875,-118.6040022,06107
198,8478,COOP:048544,39.9,-121.53333,POINT (-121.53333 39.9),7115,06,007,001704,1,060070017041,Block Group 1,G5030,S,310646567,2726297,+39.9752116,-121.4808518,06007
199,8520,COOP:048558,37.9,-121.25,POINT (-121.25 37.9),20761,06,077,003803,3,060770038033,Block Group 3,G5030,S,22708189,22182,+37.8927243,-121.2398552,06077
200,8566,COOP:048587,39.58333,-122.53333,POINT (-122.53333 39.58333),18564,06,021,010300,1,060210103001,Block Group 1,G5030,S,1148374390,7473060,+39.5067255,-122.5189493,06021
201,8615,COOP:048680,36.9,-121.83333,POINT (-121.83333 36.9),18109,06,087,122300,2,060871223002,Block Group 2,G5030,S,5450321,2011317,+36.9164503,-121.8406352,06087
202,8631,COOP:048697,34.68333,-120.56667,POINT (-120.56667 34.68333),2924,06,083,980200,1,060839802001,Block Group 1,G5030,S,243540790,4708287,+34.6464780,-120.5681172,06083
203,8642,COOP:048703,40.41667,-120.66667,POINT (-120.66667 40.41667),5636,06,035,040302,3,060350403023,Block Group 3,G5030,S,118907983,39738,+40.3740229,-120.7085811,06035
204,8677,COOP:048832,35.13333,-118.43333,POINT (-118.43333 35.13333),4217,06,029,006101,3,060290061013,Block Group 3,G5030,S,3400804,186674,+35.1347044,-118.4414728,06029
205,8703,COOP:048844,33.5,-117.15,POINT (-117.15 33.5),22495,06,065,043222,1,060650432221,Block Group 1,G5030,S,1910282,302,+33.4989224,-117.1364034,06065
206,8739,COOP:048873,40.86667,-120.43333,POINT (-120.43333 40.86667),2761,06,035,040100,3,060350401003,Block Group 3,G5030,S,5040503846,59323554,+40.8457377,-120.3222189,06035
207,8758,COOP:048885,38.8,-122.83333,POINT (-122.83333 38.8),19932,06,097,154100,3,060971541003,Block Group 3,G5030,S,283742325,133132,+38.7717040,-122.8572908,06097
208,8775,COOP:048893,33.63333,-116.16667,POINT (-116.16667 33.63333),24923,06,065,045615,2,060650456152,Block Group 2,G5030,S,21255346,0,+33.6318429,-116.1563482,06065
209,8788,COOP:048912,36.41667,-118.83333,POINT (-118.83333 36.41667),22026,06,107,000101,2,061070001012,Block Group 2,G5030,S,112084676,0,+36.4183950,-118.8352809,06107
210,8827,COOP:048917,36.46667,-118.86667,POINT (-118.86667 36.46667),22026,06,107,000101,2,061070001012,Block Group 2,G5030,S,112084676,0,+36.4183950,-118.8352809,06107
211,8861,COOP:048928,38.45,-120.5,POINT (-120.5 38.45),19642,06,005,000102,1,060050001021,Block Group 1,G5030,S,441123092,7827720,+38.5496993,-120.2509786,06005
212,8889,COOP:048992,33.65,-117.6,POINT (-117.6 33.65),20525,06,059,032050,1,060590320501,Block Group 1,G5030,S,1351032,0,+33.6468675,-117.6016471,06059
213,8902,COOP:049043,39.33333,-120.18333,POINT (-120.18333 39.33333),2906,06,057,001211,2,060570012112,Block Group 2,G5030,S,8589328,0,+39.3505618,-120.1950774,06057
214,8953,COOP:049053,41.96667,-121.46667,POINT (-121.46667 41.96667),18453,06,093,000100,1,060930001001,Block Group 1,G5030,S,860405316,44664518,+41.8199270,-121.6337562,06093
215,8995,COOP:049120,35.88333,-118.65,POINT (-118.65 35.88333),22561,06,107,002701,2,061070027012,Block Group 2,G5030,S,4072647006,7845623,+36.1853421,-118.3105064,06107
216,9022,COOP:049273,38.61667,-123.01667,POINT (-123.01667 38.61667),17245,06,097,154000,2,060971540002,Block Group 2,G5030,S,88557344,1288293,+38.5632527,-122.9051340,06097
217,9061,COOP:049325,34.53333,-117.3,POINT (-117.3 34.53333),957,06,071,009800,4,060710098004,Block Group 4,G5030,S,781087,0,+34.5317802,-117.3068528,06071
218,9086,COOP:049390,40.45,-121.86667,POINT (-121.86667 40.45),21683,06,089,012603,1,060890126031,Block Group 1,G5030,S,551404593,2978055,+40.4887848,-121.5952335,06089
219,9151,COOP:049440,38.71667,-123.0,POINT (-123 38.71667),17167,06,097,154000,1,060971540001,Block Group 1,G5030,S,98635517,6410,+38.6523400,-122.9935394,06097
220,9209,COOP:049482,37.53333,-119.65,POINT (-119.65 37.53333),19873,06,043,000400,2,060430004002,Block Group 2,G5030,S,312106613,283009,+37.5926550,-119.6127737,06043
221,9257,COOP:049490,40.73333,-122.95,POINT (-122.95 40.73333),16776,06,105,000102,3,061050001023,Block Group 3,G5030,S,34913081,0,+40.7621650,-122.9638452,06105
222,9333,COOP:049605,39.02778,-121.39111,POINT (-121.39111 39.02778),7223,06,115,040800,2,061150408002,Block Group 2,G5030,S,18003021,110938,+39.0360212,-121.3729194,06115
223,9381,COOP:049666,34.01667,-118.08333,POINT (-118.08333 34.01667),10205,06,037,500500,1,060375005001,Block Group 1,G5030,S,645194,23163,+34.0153870,-118.0846905,06037
224,9418,COOP:049684,39.41667,-123.35,POINT (-123.35 39.41667),13456,06,045,010700,1,060450107001,Block Group 1,G5030,S,2453940,0,+39.4193764,-123.3488496,06045
225,9497,COOP:049851,38.9,-123.23333,POINT (-123.23333 38.9),11609,06,045,011800,1,060450118001,Block Group 1,G5030,S,627264142,970173,+38.9361372,-123.1194447,06045
226,9530,COOP:049855,37.75,-119.58333,POINT (-119.58333 37.75),19876,06,043,000400,1,060430004001,Block Group 1,G5030,S,707080398,4170727,+37.7839881,-119.5740682,06043
228,4418,COOP:044712,38.48333,-122.0,POINT (-122 38.48333),17422,06,095,252903,1,060952529031,Block Group 1,G5030,S,54324566,285517,+38.4786613,-121.9739968,06095
229,6612,COOP:047342,40.9,-123.81667,POINT (-123.81667 40.9),21028,06,023,010300,5,060230103005,Block Group 5,G5030,S,576968885,739602,+40.9307065,-123.8753273,06023
230,121,COOP:040321,35.18333,-120.4,POINT (-120.4 35.18333),20056,06,079,012302,2,060790123022,Block Group 2,G5030,S,127329137,12744,+35.1691640,-120.4324951,06079
232,4947,COOP:046174,38.0,-120.48333,POINT (-120.48333 38),11840,06,109,002101,4,061090021014,Block Group 4,G5030,S,26338416,3502420,+38.0104362,-120.4412463,06109
236,4023,COOP:044074,40.23333,-124.13333,POINT (-124.13333 40.23333),21194,06,023,011200,3,060230112003,Block Group 3,G5030,S,907803893,29652697,+40.3609851,-124.1963951,06023
237,4773,COOP:044883,39.88333,-123.71667,POINT (-123.71667 39.88333),13380,06,045,010200,2,060450102002,Block Group 2,G5030,S,959796538,23976231,+39.8362403,-123.7599535,06045
238,5877,COOP:045802,36.5925,-121.85417,POINT (-121.85417 36.5925),10158,06,053,013300,1,060530133001,Block Group 1,G5030,S,3816966,0,+36.5890893,-121.8500508,06053
239,6607,COOP:046513,41.3,-123.53333,POINT (-123.53333 41.3),1369,06,023,010102,4,060230101024,Block Group 4,G5030,S,720481034,2212122,+41.2924099,-123.6219611,06023
240,614,COOP:040790,36.25,-121.78389,POINT (-121.78389 36.25),19660,06,053,011502,1,060530115021,Block Group 1,G5030,S,651025601,19890256,+36.2803804,-121.6972544,06053
241,1595,COOP:041603,38.564440000000005,-123.1625,POINT (-123.1625 38.56444),1611,06,097,154304,1,060971543041,Block Group 1,G5030,S,730623690,4675258,+38.6883642,-123.2302818,06097
244,9198,COOP:046572,34.21139,-119.13861,POINT (-119.13861 34.21139),17564,06,111,004902,1,061110049021,Block Group 1,G5030,S,9935633,0,+34.2085810,-119.1337003,06111
245,5968,COOP:047292,40.15556,-122.25056,POINT (-122.25056 40.15556),4278,06,103,000702,2,061030007022,Block Group 2,G5030,S,5850919,0,+40.1451977,-122.2506272,06103
247,4190,COOP:044749,34.74111,-118.21167,POINT (-118.21167 34.74111),16237,06,037,900901,1,060379009011,Block Group 1,G5030,S,42668056,356234,+34.7281193,-118.1925085,06037
248,7151,COOP:047669,36.66361,-121.60806,POINT (-121.60806 36.66361),23656,06,053,980000,1,060539800001,Block Group 1,G5030,S,3904134,0,+36.6632958,-121.6049632,06053
249,3706,COOP:046118,34.7675,-114.61889,POINT (-114.61889 34.7675),5802,06,071,025100,1,060710251001,Block Group 1,G5030,S,5365122310,1536891,+34.5226915,-114.9283952,06071
250,4036,COOP:046742,35.66972,-120.62833,POINT (-120.62833 35.66972),14425,06,079,010207,1,060790102071,Block Group 1,G5030,S,27948427,0,+35.6642776,-120.6462179,06079
251,8860,COOP:048762,38.89833,-119.99472,POINT (-119.99472 38.89833),18237,06,017,030402,2,060170304022,Block Group 2,G5030,S,3231099,0,+38.9015629,-119.9966134,06017
252,7778,COOP:047905,34.4258,-119.8425,POINT (-119.8425 34.4258),12358,06,083,980000,1,060839800001,Block Group 1,G5030,S,4463565,234871,+34.4270293,-119.8404594,06083
253,8173,COOP:048200,35.97167,-116.27083,POINT (-116.27083 35.97167),16468,06,027,000800,1,060270008001,Block Group 1,G5030,S,12206669479,10165963,+36.2810295,-116.8462408,06027
254,2795,COOP:043861,37.6542,-122.115,POINT (-122.115 37.6542),1430,06,001,437101,4,060014371014,Block Group 4,G5030,S,15633262,3014181,+37.6444954,-122.1405184,06001
255,4039,COOP:045738,37.6241,-120.9505,POINT (-120.9505 37.6241),11485,06,099,002100,1,060990021001,Block Group 1,G5030,S,3383749,194174,+37.6276213,-120.9588553,06099
256,5630,COOP:047735,34.7436,-118.7242,POINT (-118.7242 34.7436),17150,06,037,901209,1,060379012091,Block Group 1,G5030,S,589476557,7874863,+34.7464476,-118.5702726,06037
257,1340,COOP:041964,37.9917,-122.055,POINT (-122.055 37.9917),4934,06,013,327001,2,060133270012,Block Group 2,G5030,S,6220671,0,+37.9813392,-122.0561581,06013
258,3673,COOP:044995,37.6927,-121.8144,POINT (-121.8144 37.6927),22753,06,001,451300,3,060014513003,Block Group 3,G5030,S,9199660,744296,+37.6834886,-121.8177326,06001
259,3968,COOP:045388,39.10194,-121.56778,POINT (-121.56778 39.10194),5868,06,115,040400,3,061150404003,Block Group 3,G5030,S,16165140,362202,+39.0966013,-121.5822429,06115
260,4455,COOP:046066,38.2102,-122.2847,POINT (-122.2847 38.2102),401,06,055,201005,1,060552010051,Block Group 1,G5030,S,28900009,9591116,+38.2049238,-122.2877073,06055
261,6378,COOP:047971,38.5038,-122.8102,POINT (-122.8102 38.5038),17113,06,097,152702,4,060971527024,Block Group 4,G5030,S,13909745,0,+38.5047821,-122.8049254,06097
262,7310,COOP:049203,38.3775,-121.9575,POINT (-121.9575 38.3775),1658,06,095,252904,4,060952529044,Block Group 4,G5030,S,10222433,55447,+38.3921741,-121.9520981,06095
